name,street,city,state,zip
John Doe,123 Main St,New York,NY,10001
Jane Smith,456 Elm St,Los Angeles,CA,90001
Alice Johnson,789 Oak St,Chicago,IL,60601
Bob Brown,101 Pine St,San Francisco,CA,94101
Ella Davis,555 Maple St,Miami,FL,33101
David Wilson,888 Birch St,Dallas,TX,75201
Grace Lee,222 Cedar St,Seattle,WA,98101
James Taylor,333 Oak St,Boston,MA,02101
Olivia Miller,444 Elm St,Philadelphia,PA,19101
Sophia Anderson,666 Birch St,Houston,TX,77001
William Garcia,777 Pine St,Phoenix,AZ,85001
Emma Martinez,999 Main St,San Antonio,TX,78201
Liam Johnson,111 Elm St,Denver,CO,80201
Oliver Smith,222 Pine St,San Diego,CA,92101
Lucas Davis,333 Oak St,Portland,OR,97201
Alexander Wilson,444 Maple St,Austin,TX,78701
Daniel Lee,555 Main St,Charlotte,NC,28201
Henry Taylor,666 Cedar St,Columbus,OH,43201
Sebastian Brown,777 Elm St,San Jose,CA,95101
Jack Anderson,888 Oak St,Indianapolis,IN,46201
Michael Garcia,999 Maple St,Detroit,MI,48201
Christopher Smith,123 Pine St,Memphis,TN,38101
Joshua Davis,456 Main St,Nashville,TN,37201
Logan Wilson,789 Elm St,El Paso,TX,79901
Nathan Johnson,101 Cedar St,Oklahoma City,OK,73101
Samuel Lee,123 Oak St,Louisville,KY,40201
David Miller,456 Cedar St,Baltimore,MD,21201
Benjamin Smith,789 Maple St,Milwaukee,WI,53201
Joseph Taylor,101 Elm St,Albuquerque,NM,87101
Jackson Brown,222 Main St,Tucson,AZ,85701
William Martinez,333 Pine St,Fresno,CA,93701
Thomas Anderson,555 Oak St,Mesa,AZ,85201
James Davis,777 Main St,Sacramento,CA,95801
John Smith,999 Cedar St,Atlanta,GA,30301
Alexander Wilson,111 Maple St,Kansas City,MO,64101
Daniel Taylor,222 Elm St,Cleveland,OH,44101
Oliver Davis,333 Oak St,Miami,FL,33101
Henry Johnson,444 Pine St,Oklahoma City,OK,73101
Lucas Brown,555 Cedar St,Nashville,TN,37201
Liam Smith,666 Main St,Kansas City,MO,64101
Jackson Anderson,777 Elm St,Indianapolis,IN,46201
Benjamin Davis,888 Oak St,Houston,TX,77001
Joseph Garcia,999 Cedar St,El Paso,TX,79901
William Lee,101 Pine St,Memphis,TN,38101
Michael Wilson,222 Elm St,Fresno,CA,93701
Samuel Martinez,333 Cedar St,Sacramento,CA,95801
Joshua Taylor,444 Oak St,Atlanta,GA,30301
David Anderson,555 Main St,Louisville,KY,40201
Christopher Johnson,666 Pine St,San Antonio,TX,78201
Nathan Brown,777 Cedar St,Charlotte,NC,28201
Daniel Smith,888 Pine St,Baltimore,MD,21201
Joseph Davis,999 Oak St,Denver,CO,80201
Logan Lee,111 Elm St,Phoenix,AZ,85001
Alexander Smith,222 Main St,Seattle,WA,98101
James Brown,333 Maple St,Portland,OR,97201
Liam Taylor,444 Cedar St,San Jose,CA,95101
Nathan Smith,555 Oak St,Austin,TX,78701
William Davis,666 Main St,Columbus,OH,43201
Henry Wilson,777 Elm St,Indianapolis,IN,46201
Logan Smith,888 Pine St,Detroit,MI,48201
Daniel Taylor,999 Elm St,Memphis,TN,38101
Joseph Davis,101 Cedar St,Charlotte,NC,28201
Alexander Martinez,222 Pine St,Indianapolis,IN,46201
Michael Anderson,333 Oak St,San Jose,CA,95101
Samuel Wilson,444 Elm St,Dallas,TX,75201
William Johnson,555 Maple St,Seattle,WA,98101
Jackson Smith,666 Cedar St,San Diego,CA,92101
Henry Brown,777 Pine St,Portland,OR,97201
Liam Taylor,888 Oak St,San Antonio,TX,78201
Oliver Davis,999 Main St,Boston,MA,02101
Lucas Davis,111 Elm St,Philadelphia,PA,19101
Alexander Johnson,222 Oak St,San Francisco,CA,94101
Oliver Davis,333 Cedar St,Los Angeles,CA,90001
Daniel Lee,444 Main St,New York,NY,10001
Nathan Martinez,555 Pine St,Chicago,IL,60601
Joseph Lee,666 Cedar St,Houston,TX,77001
William Wilson,777 Main St,Miami,FL,33101
Samuel Wilson,888 Elm St,Dallas,TX,75201
Alexander Taylor,999 Cedar St,Seattle,WA,98101
Joseph Lee,101 Elm St,Denver,CO,80201
William Davis,222 Oak St,Phoenix,AZ,85001
Jackson Smith,333 Main St,Los Angeles,CA,90001
Nathan Brown,444 Elm St,San Francisco,CA,94101
Joseph Taylor,555 Pine St,Chicago,IL,60601
Michael Davis,666 Oak St,New York,NY,10001
William Smith,777 Elm St,Houston,TX,77001
Alexander Brown,888 Cedar St,Philadelphia,PA,19101
Oliver Brown,111 Main St,Los Angeles,CA,90001
Liam Smith,222 Pine St,Chicago,IL,60601
Henry Martinez,333 Elm St,New York,NY,10001
Logan Anderson,444 Cedar St,San Francisco,CA,94101
Michael Lee,555 Elm St,Los Angeles,CA,90001
Alexander Martinez,666 Oak St,New York
